workload,variant,structure,n,run,time_ms,steps,moves,comparisons
BUILD,random,Floyd,100,1,0.020100,590,238,176
BUILD,random,Floyd,100,2,0.022600,590,238,176
BUILD,random,Floyd,100,3,0.026800,590,238,176
BUILD,random,Floyd,100,4,0.018800,590,238,176
BUILD,random,Floyd,100,5,0.020100,590,238,176
BUILD,random,RepeatedInsert,100,1,0.003500,758,344,207
BUILD,random,RepeatedInsert,100,2,0.002600,758,344,207
BUILD,random,RepeatedInsert,100,3,0.002900,758,344,207
BUILD,random,RepeatedInsert,100,4,0.008300,758,344,207
BUILD,random,RepeatedInsert,100,5,0.006200,758,344,207
BUILD,descending,Floyd,100,1,0.020800,672,292,190
BUILD,descending,Floyd,100,2,0.024700,672,292,190
BUILD,descending,Floyd,100,3,0.020700,672,292,190
BUILD,descending,Floyd,100,4,0.020400,672,292,190
BUILD,descending,Floyd,100,5,0.020500,672,292,190
BUILD,descending,RepeatedInsert,100,1,0.006300,2040,1080,480
BUILD,descending,RepeatedInsert,100,2,0.006100,2040,1080,480
BUILD,descending,RepeatedInsert,100,3,0.005900,2040,1080,480
BUILD,descending,RepeatedInsert,100,4,0.006400,2040,1080,480
BUILD,descending,RepeatedInsert,100,5,0.006400,2040,1080,480
BUILD,random,Floyd,1000,1,0.202000,6204,2496,1854
BUILD,random,Floyd,1000,2,1.475900,6204,2496,1854
BUILD,random,Floyd,1000,3,0.318500,6204,2496,1854
BUILD,random,Floyd,1000,4,0.215600,6204,2496,1854
BUILD,random,Floyd,1000,5,0.379000,6204,2496,1854
BUILD,random,RepeatedInsert,1000,1,0.034600,7862,3448,2207
BUILD,random,RepeatedInsert,1000,2,0.036700,7862,3448,2207
BUILD,random,RepeatedInsert,1000,3,0.030800,7862,3448,2207
BUILD,random,RepeatedInsert,1000,4,0.029500,7862,3448,2207
BUILD,random,RepeatedInsert,1000,5,0.028900,7862,3448,2207
BUILD,descending,Floyd,1000,1,0.195200,6948,2984,1982
BUILD,descending,Floyd,1000,2,0.187400,6948,2984,1982
BUILD,descending,Floyd,1000,3,0.195500,6948,2984,1982
BUILD,descending,Floyd,1000,4,0.192700,6948,2984,1982
BUILD,descending,Floyd,1000,5,0.214800,6948,2984,1982
BUILD,descending,RepeatedInsert,1000,1,0.071400,32964,16990,7987
BUILD,descending,RepeatedInsert,1000,2,0.098700,32964,16990,7987
BUILD,descending,RepeatedInsert,1000,3,0.076200,32964,16990,7987
BUILD,descending,RepeatedInsert,1000,4,0.072400,32964,16990,7987
BUILD,descending,RepeatedInsert,1000,5,0.080400,32964,16990,7987
BUILD,random,Floyd,10000,1,0.630800,62482,24816,18833
BUILD,random,Floyd,10000,2,0.522400,62482,24816,18833
BUILD,random,Floyd,10000,3,0.571600,62482,24816,18833
BUILD,random,Floyd,10000,4,0.429700,62482,24816,18833
BUILD,random,Floyd,10000,5,0.440900,62482,24816,18833
BUILD,random,RepeatedInsert,10000,1,0.581300,87538,41968,22785
BUILD,random,RepeatedInsert,10000,2,0.574100,87538,41968,22785
BUILD,random,RepeatedInsert,10000,3,0.561500,87538,41968,22785
BUILD,random,RepeatedInsert,10000,4,0.591400,87538,41968,22785
BUILD,random,RepeatedInsert,10000,5,0.570600,87538,41968,22785
BUILD,descending,Floyd,10000,1,0.402200,69948,29984,19982
BUILD,descending,Floyd,10000,2,0.365000,69948,29984,19982
BUILD,descending,Floyd,10000,3,0.391100,69948,29984,19982
BUILD,descending,Floyd,10000,4,0.485700,69948,29984,19982
BUILD,descending,Floyd,10000,5,0.358900,69948,29984,19982
BUILD,descending,RepeatedInsert,10000,1,0.906800,470900,243638,113631
BUILD,descending,RepeatedInsert,10000,2,0.830900,470900,243638,113631
BUILD,descending,RepeatedInsert,10000,3,1.028700,470900,243638,113631
BUILD,descending,RepeatedInsert,10000,4,0.875400,470900,243638,113631
BUILD,descending,RepeatedInsert,10000,5,0.756700,470900,243638,113631
BUILD,random,Floyd,100000,1,4.470200,626306,249330,188488
BUILD,random,Floyd,100000,2,5.233900,626306,249330,188488
BUILD,random,Floyd,100000,3,5.414300,626306,249330,188488
BUILD,random,Floyd,100000,4,4.048200,626306,249330,188488
BUILD,random,Floyd,100000,5,4.772800,626306,249330,188488
BUILD,random,RepeatedInsert,100000,1,5.998100,846676,388884,228896
BUILD,random,RepeatedInsert,100000,2,6.768100,846676,388884,228896
BUILD,random,RepeatedInsert,100000,3,5.551000,846676,388884,228896
BUILD,random,RepeatedInsert,100000,4,5.927700,846676,388884,228896
BUILD,random,RepeatedInsert,100000,5,5.545400,846676,388884,228896
BUILD,descending,Floyd,100000,1,4.293400,699936,299980,199978
BUILD,descending,Floyd,100000,2,4.784000,699936,299980,199978
BUILD,descending,Floyd,100000,3,3.678300,699936,299980,199978
BUILD,descending,Floyd,100000,4,2.106100,699936,299980,199978
BUILD,descending,Floyd,100000,5,4.599200,699936,299980,199978
BUILD,descending,RepeatedInsert,100000,1,14.902100,6006848,3068956,1468946
BUILD,descending,RepeatedInsert,100000,2,13.895600,6006848,3068956,1468946
BUILD,descending,RepeatedInsert,100000,3,14.196000,6006848,3068956,1468946
BUILD,descending,RepeatedInsert,100000,4,13.221300,6006848,3068956,1468946
BUILD,descending,RepeatedInsert,100000,5,12.472200,6006848,3068956,1468946
