workload,variant,structure,n,time_ms,steps,moves,comparisons
W1,-,DynamicArray,100,0.110800,10000,0,0
W1,-,MyLinkedList,100,1.201200,501508,0,0
W2,-,DynamicArray,100,0.092700,75572,0,75572
W2,-,MyLinkedList,100,0.431900,75072,0,75572
W3,head,DynamicArray,100,0.458100,1201920,1200920,0
W3,head,MyLinkedList,100,0.055200,1000,3000,0
W3,middle,DynamicArray,100,0.398700,1101920,1100920,0
W3,middle,MyLinkedList,100,0.268800,101000,3000,0
W4,-,MinHeap,100,0.012200,3461,1257,1052
W1,-,DynamicArray,1000,0.198500,10000,0,0
W1,-,MyLinkedList,1000,18.047000,5005208,0,0
W2,-,DynamicArray,1000,1.023000,752172,0,752172
W2,-,MyLinkedList,1000,3.898700,751672,0,752172
W3,head,DynamicArray,1000,0.597800,3001024,3000024,0
W3,head,MyLinkedList,1000,0.027600,1000,3000,0
W3,middle,DynamicArray,1000,0.375100,2001024,2000024,0
W3,middle,MyLinkedList,1000,3.578400,1001000,3000,0
W4,-,MinHeap,1000,0.176900,54515,19125,17195
W1,-,DynamicArray,10000,0.053300,10000,0,0
W1,-,MyLinkedList,10000,198.520700,50129208,0,0
W2,-,DynamicArray,10000,12.687300,7406172,0,7406172
W2,-,MyLinkedList,10000,44.777200,7405672,0,7406172
W3,head,DynamicArray,10000,2.811800,21000000,20999000,0
W3,head,MyLinkedList,10000,0.185000,1000,3000,0
W3,middle,DynamicArray,10000,2.245400,11000000,10999000,0
W3,middle,MyLinkedList,10000,43.177500,10001000,3000,0
W4,-,MinHeap,10000,4.167500,754057,265411,239323
W1,-,DynamicArray,100000,1.386000,10000,0,0
W1,-,MyLinkedList,100000,2227.131100,502489208,0,0
W2,-,DynamicArray,100000,89.320500,74446172,0,74446172
W2,-,MyLinkedList,100000,398.390300,74445672,0,74446172
W3,head,DynamicArray,100000,49.855600,201000000,200999000,0
W3,head,MyLinkedList,100000,0.038300,1000,3000,0
W3,middle,DynamicArray,100000,24.717800,101000000,100999000,0
W3,middle,MyLinkedList,100000,417.085900,100001000,3000,0
W4,-,MinHeap,100000,38.368000,9512353,3290761,3060796
